<?xml version="1.0" encoding="UTF-8"?>
<project-private xmlns="http://www.netbeans.org/ns/project-private/1">
    <editor-bookmarks xmlns="http://www.netbeans.org/ns/editor-bookmarks/2" lastBookmarkId="0"/>
    <open-files xmlns="http://www.netbeans.org/ns/projectui-open-files/2">
        <group>
            <file>file:/C:/Carlos/JoseM/Escuela%20Superior/5to%20semestre/Ingenieria%20web/Página%20login%20con%20backend/SIstemaLogin1/web/index.html</file>
            <file>file:/C:/Carlos/JoseM/Escuela%20Superior/5to%20semestre/Ingenieria%20web/Página%20login%20con%20backend/SIstemaLogin1/src/java/com/sistemalogin1/LoginServlet.java</file>
            <file>file:/C:/Carlos/JoseM/Escuela%20Superior/5to%20semestre/Ingenieria%20web/Página%20login%20con%20backend/SIstemaLogin1/src/java/com/sistemalogin1/RegistroServlet.java</file>
            <file>file:/C:/Carlos/JoseM/Escuela%20Superior/5to%20semestre/Ingenieria%20web/Página%20login%20con%20backend/SIstemaLogin1/src/java/com/sistemalogin1/DBConnection.java</file>
            <file>file:/C:/Carlos/JoseM/Escuela%20Superior/5to%20semestre/Ingenieria%20web/Página%20login%20con%20backend/SIstemaLogin1/web/registro.html</file>
        </group>
    </open-files>
</project-private>
